count,max,mean,median,min,percentile_25,percentile_50,percentile_75,std,substrate
116,4.53702831268,4.03561085668,4.06929683685,3.22037053108,3.93507927656,4.06929707527,4.1734110117,0.209784977628,boulders
71,4.45429325104,4.06365622937,4.0613322258,3.56662416458,3.98120999336,4.0613322258,4.15542531013,0.173296333898,boulders
14,4.47245359421,4.23687907628,4.24434185028,4.06228160858,4.14242362976,4.24434185028,4.32879948616,0.120880385848,boulders
62,4.19832611084,3.56890573809,3.58283615112,3.06558823586,3.39618378878,3.58283627033,3.70493012667,0.240184116104,sand
49,3.74666237831,3.4297678422,3.45464015007,2.897326231,3.3032438755,3.45464015007,3.57524895668,0.194173034385,sand
7,4.182970047,3.63763945443,3.80151581764,2.81718039513,3.24770927429,3.80151581764,4.0831952095,0.498858005435,boulders
25,4.14465904236,3.47765258789,3.44139695168,3.06851172447,3.25971317291,3.44139695168,3.61051416397,0.246235957977,sand
